[
{
  "fields": {
    "username": "admin",
    "first_name": "",
    "last_name": "",
    "is_active": true,
    "is_superuser": true,
    "is_staff": true,
    "last_login": "2015-06-27T13:32:30.458Z",
    "groups": [],
    "user_permissions": [],
    "password": "pbkdf2_sha256$20000$ZeixOtkJc5t3$y4BVselHUcEkwJIs9NiHd7CLoggeARvFm5GtqnANNik=",
    "email": "ejumbe@live.com",
    "date_joined": "2015-06-27T13:30:45.682Z"
  },
  "model": "auth.user",
  "pk": 1
},
{
  "fields": {
    "username": "ejey",
    "first_name": "",
    "last_name": "",
    "is_active": true,
    "is_superuser": true,
    "is_staff": true,
    "last_login": "2015-06-28T17:19:20.422Z",
    "groups": [],
    "user_permissions": [],
    "password": "pbkdf2_sha256$20000$n7mKOKJHpBXk$2Egv/uiHnjMV5jD9Bq/wJ2Ici0zsWvvZhazJkGYrZfk=",
    "email": "e2jeyy@gmail.com",
    "date_joined": "2015-06-27T13:31:23.548Z"
  },
  "model": "auth.user",
  "pk": 2
},
{
  "fields": {
    "username": "user",
    "first_name": "",
    "last_name": "",
    "is_active": true,
    "is_superuser": false,
    "is_staff": false,
    "last_login": "2015-06-28T19:15:11.256Z",
    "groups": [],
    "user_permissions": [],
    "password": "pbkdf2_sha256$20000$owuoysGsNkUT$b0ZgBz5Sa+ax+QNO8crsTIhnOB6e0SyPIPdfCIAZKmY=",
    "email": "",
    "date_joined": "2015-06-28T17:18:25.093Z"
  },
  "model": "auth.user",
  "pk": 3
}
]
